City_ID,City,Lat,Lng,Max Temp,Humidity,Cloudiness,Wind Speed,Country,Date
0,sandnessjoen,66.0217,12.6316,288.44,55,100,4.92,NO,1716669397
1,sirre,8.3167,39.4833,292.71,62,18,3.08,ET,1716669560
2,sur,22.5667,59.5289,304.01,43,51,4.69,OM,1716669361
3,grytviken,-54.2811,-36.5092,265.11,74,91,4.35,GS,1716669582
4,punta arenas,-53.15,-70.9167,277.21,87,40,3.6,CL,1716669592
5,gadzhiyevo,69.2551,33.3362,276.14,75,100,6.35,RU,1716669603
6,isafjordur,66.0755,-23.124,283.35,67,11,1.51,IS,1716669613
7,bilibino,68.0546,166.4372,278.15,70,17,0.72,RU,1716669624
8,kondoa,-4.9,35.7833,291.59,74,99,2.45,TZ,1716669634
9,haiku-pauwela,20.9219,-156.3051,300.49,66,20,7.72,US,1716669644
10,bethel,41.3712,-73.414,300.57,52,0,3.09,US,1716669411
11,hawaiian paradise park,19.5933,-154.9731,298.0,88,100,2.06,US,1716669668
12,brookings,44.3114,-96.7984,292.07,73,0,4.12,US,1716669679
13,adamstown,-25.066,-130.1015,294.31,68,13,5.85,PN,1716669690
14,port-aux-francais,-49.35,70.2167,277.11,78,30,17.89,TF,1716669700
15,west bay,19.3667,-81.4167,304.19,74,20,4.63,KY,1716669710
16,valparaiso,-33.0393,-71.6273,288.23,80,100,6.17,CL,1716669721
17,remire-montjoly,4.9167,-52.2667,299.17,94,0,1.03,GF,1716669732
18,port elizabeth,-33.918,25.5701,289.44,95,34,2.24,ZA,1716669598
19,puerto ayora,-0.7393,-90.3518,300.13,76,82,3.64,EC,1716669618
20,ushuaia,-54.8,-68.3,273.96,93,100,1.03,AR,1716669548
21,urangan,-25.3,152.9,289.93,93,15,1.79,AU,1716669773
22,college,64.8569,-147.8028,282.14,88,100,4.63,US,1716669783
23,wailua homesteads,22.0669,-159.378,300.39,78,100,6.69,US,1716669794
24,kulhudhuffushi,6.6221,73.07,302.27,80,100,7.01,MV,1716669804
25,blackmans bay,-43.0167,147.3167,276.22,95,19,0.45,AU,1716669815
26,utrik,11.2278,169.8474,300.79,83,63,7.29,MH,1716669825
27,nemuro,43.3236,145.575,280.9,80,100,6.24,JP,1716669835
28,berrouaghia,36.1352,2.9109,292.91,49,6,2.24,DZ,1716669846
29,port lincoln,-34.7333,135.8667,286.77,61,4,3.22,AU,1716669856
30,bel ombre,-4.6167,55.4167,302.06,79,20,3.09,SC,1716669866
31,talnakh,69.4865,88.3972,271.04,93,100,8.16,RU,1716669876
32,lihue,21.9789,-159.3672,300.73,72,100,6.69,US,1716669886
33,edinburgh of the seven seas,-37.0676,-12.3116,289.68,92,88,12.71,SH,1716669896
34,longyearbyen,78.2186,15.6401,273.06,80,75,10.8,SJ,1716669889
35,lethbridge,49.7,-112.8186,290.21,36,75,7.72,CA,1716669695
36,loreto,22.2667,-101.9667,306.84,11,0,1.91,MX,1716669926
37,iqaluit,63.7506,-68.5145,274.0,69,75,5.14,CA,1716669883
38,al khafji,28.4391,48.4913,304.32,48,3,2.5,SA,1716669947
39,saraburi,14.6084,100.9682,302.06,85,85,2.62,TH,1716669957
40,hengshui,37.7322,115.7011,287.84,89,85,2.31,CN,1716669968
41,catmon,10.7167,124.0,300.73,88,84,3.08,PH,1716669978
42,muana,-1.5283,-49.2167,298.72,93,100,1.8,BR,1716669988
43,kristiansund,63.1115,7.732,292.51,68,20,1.54,NO,1716669998
44,jamestown,42.097,-79.2353,293.72,93,75,3.09,US,1716669903
45,albany,42.6001,-73.9662,300.75,50,100,0.34,US,1716669882
46,la ronge,55.1001,-105.2842,285.29,43,75,3.6,CA,1716670029
47,margaret river,-33.95,115.0667,289.87,70,61,3.94,AU,1716670044
48,invercargill,-46.4,168.35,280.38,73,100,10.28,NZ,1716670054
49,papatowai,-46.5619,169.4708,279.2,76,97,10.81,NZ,1716670065
50,waitangi,-43.9535,-176.5597,280.83,83,98,7.6,NZ,1716670075
51,san patricio,28.017,-97.5169,308.8,46,13,9.38,US,1716670085
52,galesong,-5.3166,119.3661,299.16,78,6,3.46,ID,1716670095
53,hermanus,-34.4187,19.2345,285.26,90,20,0.56,ZA,1716670105
54,hamilton,39.1834,-84.5333,301.63,63,40,2.57,US,1716670115
55,burnie,-41.0667,145.9167,276.73,81,46,3.08,AU,1716670125
56,nuea khlong,8.0714,98.9993,299.23,100,20,1.03,TH,1716670140
57,mil'kovo,55.6078,37.7956,288.34,72,5,2.94,RU,1716670151
58,olonkinbyen,70.9221,-8.7187,274.72,97,100,5.71,SJ,1716670161
59,cidreira,-30.1811,-50.2056,285.87,77,92,5.09,BR,1716670171
60,hillsboro,45.5229,-122.9898,290.19,59,100,3.13,US,1716670181
61,katsuren-haebaru,26.3369,127.8719,299.36,95,100,2.57,JP,1716670192
62,touros,-5.1989,-35.4608,298.19,91,51,5.1,BR,1716670203
63,waddan,29.1614,16.139,301.64,37,86,3.42,LY,1716670213
64,victoriaville,46.0501,-71.9658,291.21,55,75,1.63,CA,1716670223
65,vilyuchinsk,52.9306,158.4028,279.3,92,100,7.91,RU,1716670233
66,urjala,61.0833,23.5333,289.63,69,94,1.43,FI,1716670243
67,xinyuan,37.3,99.0,279.98,77,100,1.02,CN,1716670253
68,viedma,-40.8135,-62.9967,279.47,60,9,3.25,AR,1716670025
69,port mathurin,-19.6833,63.4167,298.28,78,81,8.98,MU,1716670277
70,bena,11.2844,5.9347,296.49,77,100,0.51,NG,1716670287
71,kodiak,57.79,-152.4072,280.88,71,100,6.69,US,1716670297
72,puerto natales,-51.7236,-72.4875,275.4,80,0,1.54,CL,1716670307
73,krasnyy yar,46.5331,48.3456,285.34,53,8,4.25,RU,1716670317
74,sihanoukville,10.6093,103.5296,302.65,76,100,1.06,KH,1716670327
75,palmer,42.1584,-72.3287,301.38,44,40,5.66,US,1716670337
76,aguadilla,18.4275,-67.1541,303.65,80,0,3.13,PR,1716670347
77,hithadhoo,-0.6,73.0833,301.52,78,100,3.39,MV,1716670357
78,ribeira grande,38.5167,-28.7,292.37,63,20,5.14,PT,1716670367
79,kaa-khem,51.6833,94.7333,288.64,46,97,2.11,RU,1716670377
80,ust-nera,64.5667,143.2,280.89,67,13,0.82,RU,1716670387
81,kantemirovka,49.7089,39.8592,284.8,56,36,3.54,RU,1716670398
82,carbonear,47.7332,-53.2148,289.12,93,95,2.82,CA,1716670408
83,yelizovo,53.1873,158.3805,279.23,93,100,3.0,RU,1716670418
84,ulanhot,46.0833,122.0833,283.15,92,100,6.93,CN,1716670429
85,sulak,43.2734,47.5146,290.44,72,99,10.43,RU,1716670439
86,pisco,-13.7,-76.2167,294.18,68,0,4.12,PE,1716670322
87,praia da vitoria,38.7333,-27.0667,292.46,68,75,3.08,PT,1716670459
88,castillos,-34.1667,-53.8333,281.73,80,84,3.13,UY,1716670469
89,piste,20.7,-88.5833,313.63,21,0,3.54,MX,1716670479
90,port alberni,49.2413,-124.8028,288.03,69,100,0.45,CA,1716670489
91,whitehorse,60.7161,-135.0538,286.58,36,75,6.17,CA,1716670499
92,stornoway,58.2093,-6.3865,286.13,89,100,3.6,GB,1716670509
93,shohimardon,39.9839,71.8028,289.58,92,100,1.14,UZ,1716670520
94,crane,31.3974,-102.3501,310.79,5,0,5.05,US,1716670530
95,waingapu,-9.6567,120.2641,297.83,86,0,4.26,ID,1716670540
96,dogondoutchi,13.6393,4.0287,307.3,42,82,9.92,NE,1716670551
97,anna regina,7.2644,-58.5077,298.75,85,100,0.64,GY,1716670561
98,west island,-12.1568,96.8225,299.14,94,75,6.69,CC,1716670571
99,seven pagodas,12.6264,80.1722,305.18,74,100,7.26,IN,1716670581
100,chapaev,50.2,51.1667,286.52,51,0,3.88,KZ,1716670591
101,casino,-28.8667,153.05,287.35,95,73,0.95,AU,1716670601
102,utrera,37.1852,-5.7809,298.98,46,0,3.09,ES,1716670611
103,wenchang,30.904,118.4887,296.17,89,39,2.3,CN,1716670621
104,jayapura,-2.5333,140.7,299.81,92,91,2.2,ID,1716670631
105,kerikeri,-35.2268,173.9474,286.99,89,82,3.13,NZ,1716670641
106,georgetown,5.4112,100.3354,302.11,78,20,1.54,MY,1716670651
107,tiksi,71.6872,128.8694,277.99,81,97,4.13,RU,1716670661
108,cambria,35.5641,-121.0808,297.17,79,20,3.13,US,1716670672
109,hengyang,26.8881,112.615,297.86,85,0,2.13,CN,1716670682
110,cannonvale,-20.2833,148.7,293.81,87,54,5.99,AU,1716670692
111,fada,9.5667,8.3,294.0,90,100,0.86,NG,1716670702
112,irkutsk,52.2978,104.2964,281.64,70,0,2.0,RU,1716670433
113,mata-utu,-13.2816,-176.1745,301.91,79,91,6.45,WF,1716670727
114,matoury,4.8483,-52.3317,299.13,94,0,1.03,GF,1716670737
115,atafu village,-8.5421,-172.5159,302.9,75,31,6.51,TK,1716670747
116,arno,60.1167,18.6333,283.59,91,0,2.18,SE,1716670757
117,keflavik,64.0049,-22.5624,284.1,87,75,11.83,IS,1716670767
118,antsiranana,-12.2787,49.2917,296.11,74,27,4.72,MG,1716670777
119,kourou,5.1552,-52.6478,299.18,84,94,2.55,GF,1716670787
120,island harbour,50.724,-1.2758,288.19,75,100,2.24,GB,1716670797
121,guerrero negro,27.9769,-114.0611,293.21,59,1,10.09,MX,1716670676
122,durban,-29.8579,31.0292,290.66,85,93,1.46,ZA,1716670568
123,ternate,0.8,127.4,299.79,85,100,2.16,ID,1716670830
124,damulog,7.4836,124.9431,296.38,92,100,0.6,PH,1716670841
125,peniscola,40.3359,0.3613,293.34,82,48,0.96,ES,1716670851
126,ongjin,37.9347,125.3619,288.68,91,100,2.76,KP,1716670861
127,anadyr,64.75,177.4833,275.43,74,0,7.0,RU,1716670871
128,tidjikja,18.5564,-11.4271,307.66,13,2,5.16,MR,1716670881
129,khorixas,-20.3667,14.9667,293.77,19,3,3.64,NA,1716670892
130,guillermo zuniga,24.0167,-99.2,309.21,30,33,8.2,MX,1716670902
131,acapulco de juarez,16.8634,-99.8901,302.12,55,1,5.13,MX,1716670912
132,selfoss,63.9331,-20.9971,283.73,81,3,9.31,IS,1716670865
133,cortez,37.3489,-108.5859,295.57,18,40,11.32,US,1716670933
134,vilyuysk,63.7553,121.6247,285.37,53,0,5.36,RU,1716670891
135,erenhot,43.6475,111.9767,283.97,51,0,4.4,CN,1716670955
136,pittsfield,42.4501,-73.2454,300.18,46,99,0.89,US,1716670862
137,flying fish cove,-10.4217,105.6791,299.97,83,75,5.66,CX,1716670975
138,kilindoni,-7.9139,39.6668,299.9,72,90,6.41,TZ,1716670986
139,nizhniy kuranakh,58.8353,125.4869,279.85,81,6,2.8,RU,1716670996
140,petropavlovsk-kamchatsky,53.0452,158.6483,278.48,75,100,3.0,RU,1716671006
141,sao lourenco do sul,-31.3653,-51.9783,284.12,79,80,4.85,BR,1716670943
142,chonchi,-42.6128,-73.8092,282.71,80,100,0.87,CL,1716670871
143,tornio,65.8481,24.1466,278.16,61,75,1.25,FI,1716671041
144,robit,12.0167,39.6333,295.95,33,4,1.48,ET,1716671051
145,turkmenbasy,40.0222,52.9552,294.58,35,75,8.75,TM,1716670523
146,port alfred,-33.5906,26.891,288.81,96,67,3.55,ZA,1716671070
147,chibougamau,49.9168,-74.3659,289.94,39,0,3.6,CA,1716670907
148,youghal,51.95,-7.8506,285.71,100,100,6.52,IE,1716671091
149,qaqortoq,60.7167,-46.0333,276.97,65,1,1.64,GL,1716670870
150,udachny,66.4167,112.4,277.84,88,100,7.0,RU,1716671111
151,bocas del toro,9.3333,-82.25,302.63,70,25,2.45,PA,1716671121
152,iskateley,67.6803,53.1512,272.05,79,100,8.94,RU,1716671130
153,bredasdorp,-34.5322,20.0403,286.63,94,21,1.69,ZA,1716671141
154,isola di capo rizzuto,38.96,17.0933,290.47,73,100,1.62,IT,1716671151
155,ocos,14.5094,-92.1933,307.25,66,61,4.27,GT,1716671161
156,greenville,35.6127,-77.3663,304.24,56,40,1.54,US,1716671171
157,laguna,38.421,-121.4238,297.34,53,40,3.09,US,1716671181
158,gaeta,41.2183,13.5628,289.67,89,84,2.59,IT,1716671191
159,salekhard,66.53,66.6019,270.04,87,24,4.92,RU,1716671201
160,holualoa,19.6228,-155.9522,298.06,84,40,4.63,US,1716671211
161,antofagasta,-23.65,-70.4,288.8,83,11,3.3,CL,1716671221
162,ancud,-41.8697,-73.8203,280.92,74,99,4.74,CL,1716671231
163,christchurch,-43.5333,172.6333,280.34,83,90,2.06,NZ,1716671145
164,angus,44.3168,-79.8829,295.28,78,85,3.88,CA,1716671207
165,alofi,-19.0595,-169.9187,299.09,94,75,4.63,NU,1716671262
166,puerto baquerizo moreno,-0.9,-89.6,300.7,61,20,4.12,EC,1716671272
167,stanley,54.868,-1.6985,285.21,94,75,2.06,GB,1716671282
168,ghormach,35.7306,63.7826,294.22,43,0,3.43,AF,1716671296
169,coronel suarez,-37.4547,-61.9334,278.03,53,6,1.99,AR,1716671306
170,kapa'a,22.0752,-159.319,301.14,78,100,5.66,US,1716671316
171,mount gambier,-37.8333,140.7667,277.78,85,5,2.48,AU,1716671326
172,happy valley-goose bay,53.3168,-60.3315,279.32,81,100,6.17,CA,1716671336
173,muang phonsavan,19.45,103.2167,292.46,100,99,0.78,LA,1716671346
174,whakatane,-37.9585,176.9854,287.88,85,60,0.89,NZ,1716671356
175,saint-joseph,-21.3667,55.6167,292.36,82,25,3.27,RE,1716671366
176,niksic,42.7731,18.9445,289.07,95,100,2.14,ME,1716671376
177,cockburn town,21.4612,-71.1419,300.38,75,0,3.5,TC,1716671391
178,popondetta,-8.7537,148.2534,296.8,98,100,1.54,PG,1716671401
179,mendefera,14.8872,38.8153,296.5,34,14,1.23,ER,1716671411
180,markovo,57.3206,107.0881,283.27,77,53,1.44,RU,1716671421
181,midvagur,62.0511,-7.1939,283.61,93,100,7.2,FO,1716671394
182,astrakhan,46.3497,48.0408,285.31,60,0,11.18,RU,1716671313
183,belyy yar,53.6039,91.3903,286.09,88,0,2.0,RU,1716671454
184,macapa,0.0389,-51.0664,298.14,100,20,1.54,BR,1716671367
185,scarborough,54.2797,-0.4044,285.91,92,100,2.68,GB,1716671398
186,atar,20.5169,-13.0499,305.12,14,66,4.13,MR,1716671288
187,chernyshevskiy,63.0128,112.4714,285.42,79,100,1.28,RU,1716671495
188,padangsidempuan,1.3667,99.2667,297.15,93,100,1.64,ID,1716671505
189,sao vicente,-23.9631,-46.3919,293.25,59,100,1.34,BR,1716671515
190,kievka,50.2619,71.5514,280.77,92,77,5.57,KZ,1716671525
191,nyurba,63.2842,118.3319,286.48,73,86,4.05,RU,1716671535
192,murzuq,25.9155,13.9184,307.51,12,46,5.24,LY,1716671546
193,maloye ganyushkino,46.6,49.2667,287.09,43,7,4.45,KZ,1716671407
194,pandan,14.0453,124.1694,300.71,85,100,5.29,PH,1716671566
195,nar'yan-mar,67.6713,53.087,272.1,79,100,8.94,RU,1716671576
196,saint-philippe,-21.3585,55.7679,292.92,84,47,2.68,RE,1716671395
197,palikir - national government center,6.9248,158.1611,301.56,84,100,1.54,FM,1716671596
198,zyryanskoye,56.8306,86.6258,276.72,77,100,1.7,RU,1716671607
199,namibe,-15.1961,12.1522,295.93,85,0,2.79,AO,1716671384
200,aljezur,37.3191,-8.8033,287.76,91,9,4.76,PT,1716671627
201,yellowknife,62.456,-114.3525,290.6,38,40,7.2,CA,1716671637
202,carnarvon,-24.8667,113.6333,292.76,78,0,6.09,AU,1716671647
203,menongue,-14.6585,17.691,287.39,46,43,1.81,AO,1716671657
204,tabou,4.423,-7.3528,299.75,86,54,3.11,CI,1716671674
205,tan-tan,28.438,-11.1032,290.39,89,73,7.02,MA,1716671684
206,pemangkat,1.1667,108.9667,299.42,89,100,3.92,ID,1716671694
207,el granada,37.5027,-122.4694,294.29,69,0,7.72,US,1716671704
208,nova sintra,14.8667,-24.7167,297.59,77,100,6.45,CV,1716671714
209,maxixe,-23.8597,35.3472,293.24,83,50,2.63,MZ,1716671724
210,pangai,-19.8,-174.35,298.21,83,75,4.12,TO,1716671734
211,nanao,37.05,136.9667,287.69,83,100,1.24,JP,1716671744
212,pudozh,61.8099,36.5345,280.9,51,100,3.13,RU,1716671754
213,acarau,-2.8856,-40.12,299.19,88,99,4.64,BR,1716671546
214,bechar,31.6167,-2.2167,304.33,11,20,3.6,DZ,1716671774
215,melekeok village,7.4957,134.6367,299.46,94,75,1.54,PW,1716671784
216,jacksonville,30.3322,-81.6556,308.18,46,0,5.14,US,1716671326
217,tame,6.461,-71.73,298.12,92,100,2.08,CO,1716671804
218,tyuratam,45.6507,63.3156,284.21,37,4,6.73,KZ,1716671814
219,gulf shores,30.246,-87.7008,305.69,70,40,4.63,US,1716671692
220,naze,28.3667,129.4833,295.66,91,100,2.16,JP,1716671837
221,san luis de la loma,17.2706,-100.8939,304.85,48,0,4.41,MX,1716671847
222,thompson,55.7435,-97.8558,284.24,46,100,5.66,CA,1716671825
223,gaigeturi,33.4644,126.3183,290.18,77,20,1.54,KR,1716671867
224,tordesillas,41.5103,-5.0082,287.12,59,69,4.11,ES,1716671877
225,zhaqsy,51.9083,67.3133,277.25,66,58,5.05,KZ,1716671887
226,greymouth,-42.4667,171.2,283.27,73,100,8.82,NZ,1716671897
227,berezovyy,51.6667,135.7,278.74,59,16,1.24,RU,1716671908
228,lucapa,-8.4192,20.7447,294.62,46,7,1.48,AO,1716671917
229,bardai,11.65,7.2333,298.29,73,68,6.93,NG,1716671927
230,ilica,39.9463,41.1091,280.11,93,75,1.54,TR,1716671937
231,cidade velha,14.9167,-23.6167,298.41,65,20,5.66,CV,1716671948
232,bin yauri,10.7823,4.8114,301.29,68,80,2.68,NG,1716671958
233,daokou,35.5639,114.5058,292.49,93,100,2.39,CN,1716671968
234,weno,7.4515,151.8468,301.8,82,84,7.65,FM,1716671978
235,blackwater,-23.5833,148.8833,288.29,85,0,2.61,AU,1716671989
236,saipan,15.1355,145.701,300.54,83,0,1.54,MP,1716671999
237,ta`u,-14.2336,-169.5144,301.84,75,100,5.18,AS,1716672015
238,magistral'nyy,56.1725,107.4458,283.36,76,21,1.55,RU,1716672020
239,kingscliff,-28.2667,153.5667,289.04,94,40,2.57,AU,1716672030
240,loikaw,19.6742,97.2094,294.9,98,100,1.37,MM,1716672041
241,alesund,62.4723,6.1549,293.1,82,0,1.03,NO,1716672051
242,sitka,57.0531,-135.33,283.09,66,100,4.63,US,1716672061
243,tofol,5.3248,163.0078,301.9,79,100,5.74,FM,1716672075
244,prado,-17.3411,-39.2208,298.8,74,100,4.48,BR,1716672082
245,synel'nykove,48.3204,35.5179,285.15,58,0,3.92,UA,1716672096
246,north nowra,-34.8581,150.5828,282.94,95,17,2.24,AU,1716672106
247,severnoye,56.3491,78.3619,275.36,69,0,1.79,RU,1716672116
248,oranjemund,-28.55,16.4333,286.28,92,33,3.45,NA,1716672127
249,walvis bay,-22.9575,14.5053,295.68,28,28,1.03,NA,1716672137
250,minab,27.1467,57.0801,305.2,37,0,0.52,IR,1716672148
251,ar rass,25.8694,43.4973,303.54,13,0,7.08,SA,1716672158
252,tura,25.5198,90.2201,299.17,85,88,3.1,IN,1716672172
253,fort bragg,35.139,-79.006,304.47,74,90,2.68,US,1716672182
254,tommot,58.9564,126.2925,280.15,81,7,3.29,RU,1716672193
255,mejit,10.2753,170.8646,301.24,78,90,6.72,MH,1716672203
256,yarmouth,41.7057,-70.2286,295.71,52,0,4.12,US,1716672214
257,lebu,-37.6167,-73.65,285.02,66,100,1.37,CL,1716672167
258,susangerd,31.5608,48.1831,307.43,17,5,5.79,IR,1716672234
259,samana,19.2056,-69.3369,302.27,84,40,4.12,DO,1716672245
260,san jose del guaviare,2.5729,-72.6459,295.63,99,100,1.7,CO,1716672255
261,severo-yeniseyskiy,60.3725,93.0408,272.91,75,8,0.89,RU,1716672265
262,dimitrovgrad,54.2139,49.6184,288.3,71,13,4.89,RU,1716672275
263,great falls,47.5002,-111.3008,291.4,41,20,7.2,US,1716672033
264,afaahiti,-17.75,-149.2833,301.08,86,84,7.34,PF,1716672146
265,yeppoon,-23.1333,150.7333,291.07,87,4,4.65,AU,1716672305
266,timbuktu,16.7735,-3.0074,313.15,10,63,8.09,ML,1716672315
267,labrador city,52.9463,-66.9114,278.25,70,75,7.6,CA,1716672326
268,tazovsky,67.4667,78.7,268.4,97,100,3.13,RU,1716672158
269,celestun,20.8667,-90.4,304.43,64,0,6.88,MX,1716672347
270,vila velha,-20.3297,-40.2925,298.12,85,0,5.14,BR,1716672297
271,ash shatrah,31.4117,46.1742,305.44,15,98,8.37,IQ,1716672368
272,lazaro cardenas,17.9583,-102.2,303.51,48,0,5.13,MX,1716672361
273,santana do livramento,-30.8908,-55.5328,280.66,77,99,2.81,BR,1716672388
274,fale old settlement,-9.3852,-171.2468,302.71,76,97,6.25,TK,1716672398
275,comodoro rivadavia,-45.8667,-67.5,278.07,65,0,2.57,AR,1716672303
276,natal,-5.795,-35.2094,300.51,83,0,3.6,BR,1716672417
277,dunedin,-45.8742,170.5036,279.71,70,86,6.71,NZ,1716672141
278,nguigmi,14.2495,13.1092,304.84,37,13,3.27,NE,1716672440
279,hungund,16.0667,76.05,300.27,64,99,9.41,IN,1716672450
280,alice springs,-23.7,133.8833,279.9,81,3,0.0,AU,1716672460
281,smithers,54.7804,-127.1743,288.33,41,40,3.09,CA,1716672170
282,cromer,52.9312,1.2989,286.52,87,100,3.58,GB,1716672163
283,darwin,-12.4611,130.8418,297.14,88,20,1.03,AU,1716672169
284,lompoc,34.6391,-120.4579,297.42,71,20,7.2,US,1716672165
285,petropavl,54.8753,69.1628,277.15,60,3,3.73,KZ,1716672514
286,kismayo,-0.3582,42.5454,299.56,83,12,6.71,SO,1716672526
287,ust-tsilma,65.441,52.1498,271.27,85,100,4.47,RU,1716672538
288,sisimiut,66.9395,-53.6735,274.4,72,13,5.29,GL,1716672212
289,priozersk,61.0393,30.1291,287.56,91,100,2.98,RU,1716672562
290,dakhla,23.6848,-15.958,292.16,82,100,8.23,EH,1716672574
291,songjianghe,42.1859,127.479,283.84,96,100,3.24,CN,1716672586
292,santana,-0.0583,-51.1817,298.25,100,20,1.54,BR,1716672157
293,la huacana,18.9667,-101.8167,311.97,15,0,4.8,MX,1716672606
294,labasa,-16.4167,179.3833,299.64,86,42,2.82,FJ,1716672617
295,rio grande,-32.035,-52.0986,285.21,65,75,6.63,BR,1716672594
296,pinheiro,-2.5214,-45.0825,297.96,96,99,1.5,BR,1716672638
297,kirensk,57.7853,108.1119,284.8,74,45,0.89,RU,1716672648
298,kalabo,-14.97,22.6814,293.68,33,89,2.51,ZM,1716672658
299,scottburgh,-30.2867,30.7532,292.65,87,90,2.95,ZA,1716672257
300,taro,-8.3862,115.28,296.15,100,92,0.87,ID,1716672679
301,tolanaro,-25.0319,46.9987,294.19,88,20,5.14,MG,1716672142
302,homer,59.6425,-151.5483,281.93,83,100,2.24,US,1716672170
303,singrauli,24.1997,82.6753,302.26,43,39,2.12,IN,1716672709
304,tukrah,32.5341,20.5791,298.17,57,73,4.64,LY,1716672719
305,luderitz,-26.6481,15.1594,288.75,67,5,5.12,NA,1716672188
306,cruzeiro do sul,-29.5128,-51.9853,284.31,89,100,1.47,BR,1716672744
307,arfoud,31.4348,-4.2375,302.43,13,44,3.54,MA,1716672756
308,port saint john's,-31.6229,29.5448,291.3,89,25,3.1,ZA,1716672766
309,usogorsk,63.4106,48.6872,275.74,64,68,4.11,RU,1716672202
310,kapuskasing,49.4169,-82.4331,284.2,93,100,5.66,CA,1716672704
311,hopelchen,19.7667,-89.85,315.01,20,1,2.33,MX,1716672802
312,port douglas,-16.4833,145.4667,296.36,88,97,6.25,AU,1716672812
313,susuman,62.7833,148.1667,280.92,51,17,1.34,RU,1716672823
314,jackson,42.4165,-122.8345,293.55,40,20,3.6,US,1716672788
315,new norfolk,-42.7826,147.0587,276.88,95,56,1.17,AU,1716672718
316,amos,48.5669,-78.1162,287.59,67,100,1.72,CA,1716672605
317,limanowa,49.7059,20.422,286.75,92,27,1.9,PL,1716672863
318,kalmunai,7.4167,81.8167,300.15,81,100,6.15,LK,1716672721
319,qusmuryn,52.4503,64.6311,279.4,52,4,3.83,KZ,1716672884
320,gryazovets,58.88,40.2525,286.59,97,85,2.68,RU,1716672894
321,boquira,-12.8231,-42.7306,297.17,46,100,2.06,BR,1716672904
322,zouerate,22.7187,-12.4521,299.78,19,99,4.18,MR,1716672761
323,ebon,4.582,168.6964,301.92,80,23,7.51,MH,1716672789
324,chone,-0.6833,-80.1,300.09,86,84,3.53,EC,1716672934
325,konstantynow lodzki,51.7478,19.3256,289.4,88,40,1.54,PL,1716672944
326,manaure,11.7751,-72.4445,303.61,67,100,5.01,CO,1716672955
327,tarko-sale,64.9225,77.785,273.33,86,95,4.77,RU,1716672965
328,constantia,44.1833,28.65,286.53,80,17,6.04,RO,1716672786
329,lagoa,39.05,-27.9833,290.11,69,59,3.22,PT,1716672985
330,sukumo,32.9333,132.7333,292.62,80,23,2.58,JP,1716672996
331,berezniki,59.4152,56.8124,278.33,90,98,3.97,RU,1716673006
332,oltinko'l,40.8011,72.1634,293.24,69,100,2.51,UZ,1716673016
333,dhidhdhoo,6.8833,73.1,302.71,76,100,6.79,MV,1716673027
334,tubarjal,30.4999,38.216,296.52,41,0,5.13,SA,1716673038
335,dowlatabad,32.7998,51.6955,295.97,27,0,3.09,IR,1716673048
336,gisborne,-38.6533,178.0042,287.78,56,18,3.12,NZ,1716673058
337,gorontalo,0.5412,123.0595,297.41,97,98,0.65,ID,1716673068
338,kone,-21.0595,164.8658,296.64,44,68,1.31,NC,1716672771
339,rongelap,11.1635,166.8941,301.1,81,79,8.18,MH,1716672764
340,reggane,26.7158,0.1714,307.43,7,0,3.14,DZ,1716673100
341,badger,64.8,-147.5333,282.1,84,75,3.6,US,1716672758
342,khandyga,62.6667,135.6,285.62,49,8,1.06,RU,1716672805
343,eckersdorf,50.0333,11.4,287.03,93,18,0.24,DE,1716673131
344,bakal,54.9417,58.8083,282.62,99,93,2.84,RU,1716673141
345,labytnangi,66.6572,66.4183,270.03,87,24,4.83,RU,1716672780
346,amga,60.8953,131.9608,284.0,55,26,1.18,RU,1716672803
347,inirida,3.8653,-67.9239,300.12,96,78,0.92,CO,1716672814
348,akaltara,22.0167,82.4333,304.68,46,90,1.88,IN,1716673186
349,klyuchi,52.2667,79.1667,279.14,95,100,2.38,RU,1716672763
350,mamuju,-2.6748,118.8885,299.34,89,49,1.99,ID,1716673207
351,levuka,50.1834,-105.4011,289.05,38,21,2.87,CA,1716673217
352,motilla del palancar,39.5709,-1.9068,290.61,38,29,0.45,ES,1716673227
353,juba,4.8517,31.5825,296.43,82,30,1.88,SS,1716673052
354,arraial do cabo,-22.9661,-42.0278,297.13,78,75,5.14,BR,1716673248
355,saint-francois,46.4154,3.9054,289.07,83,0,0.0,FR,1716672722
356,batangafo,7.3008,18.2833,294.97,94,84,1.66,CF,1716673268
357,hadibu,12.65,54.0333,302.77,79,21,2.67,YE,1716673279
358,bengkulu,-3.8004,102.2655,299.21,87,100,2.78,ID,1716673289
359,cova figueira,14.8905,-24.2934,292.45,65,100,3.15,CV,1716673300
360,ghat,24.9647,10.1728,306.78,16,71,3.24,LY,1716673310
361,kitimat,54.0524,-128.6534,287.42,64,99,5.36,CA,1716673320
362,colonia,50.9333,6.95,288.31,86,0,0.51,DE,1716672598
363,ilulissat,69.2167,-51.1,274.16,75,11,2.06,GL,1716673340
364,uturoa,-16.7333,-151.4333,300.68,81,15,7.69,PF,1716672767
365,pamandzi,-12.7967,45.2794,299.03,69,0,4.63,YT,1716673366
366,bubaque,11.2833,-15.8333,300.26,76,27,8.28,GW,1716673378
367,frederico westphalen,-27.3592,-53.3944,279.93,86,83,2.56,BR,1716673387
368,bonthe,7.5264,-12.505,301.12,80,100,4.04,SL,1716673398
369,vorkuta,67.5,64.0,270.99,96,99,7.15,RU,1716673409
370,st. john's,47.5649,-52.7093,286.57,93,75,1.03,CA,1716673343
371,alo,7.4178,6.7371,298.55,85,50,1.39,NG,1716673430
372,burang,30.25,81.1667,278.66,97,98,1.79,CN,1716673441
373,san antonio de pale,-1.4014,5.6325,299.73,74,95,3.04,GQ,1716673452
374,puerto deseado,-47.7503,-65.8938,278.96,71,91,4.48,AR,1716673462
375,veraval,20.9,70.3667,301.65,84,2,8.92,IN,1716673472
376,mossel bay,-34.1831,22.146,287.11,92,12,4.57,ZA,1716673483
377,zuwarah,32.9312,12.082,293.32,82,0,2.96,LY,1716673493
378,aasiaat,68.7098,-52.8699,272.04,82,49,2.01,GL,1716673504
379,lorengau,-2.0226,147.2712,301.87,80,47,5.41,PG,1716673514
380,geraldton,-28.7667,114.6,285.38,94,0,4.63,AU,1716673524
381,constitucion,-35.3333,-72.4167,284.67,91,75,3.16,CL,1716673534
382,bayji,34.9311,43.487,299.5,26,0,3.13,IQ,1716673544
383,kristinehamn,59.3098,14.1081,293.46,71,41,3.56,SE,1716673555
384,port augusta,-32.5,137.7667,284.08,68,0,1.56,AU,1716673565
385,ponta delgada,37.7333,-25.6667,291.59,72,20,2.57,PT,1716673575
386,mcalester,34.9334,-95.7697,305.2,58,40,3.6,US,1716673585
387,faya-largeau,17.9257,19.1043,307.9,11,0,3.69,TD,1716673596
388,codrington,-38.2667,141.9667,279.69,87,8,3.63,AU,1716673606
389,trenggalek,-8.05,111.7167,296.23,98,60,1.07,ID,1716673616
390,sao tome,0.3365,6.7273,299.31,80,97,3.74,ST,1716673632
391,portland,45.5234,-122.6762,290.47,61,75,2.57,US,1716673527
392,ormara,25.2088,64.6357,301.37,89,4,3.9,PK,1716673647
393,borkum,53.5809,6.6915,289.12,93,14,3.83,DE,1716673658
394,sault ste. marie,46.5168,-84.3333,290.31,57,0,2.06,CA,1716673399
395,road town,18.4167,-64.6167,303.17,70,20,3.09,VG,1716673458
396,trapani,37.8333,12.6667,293.2,78,0,4.63,IT,1716673644
397,spring creek,40.7266,-115.5859,289.71,45,100,2.24,US,1716673707
398,sos'va,59.1766,61.8558,279.29,87,100,2.68,RU,1716673717
399,ilave,-16.0833,-69.6667,280.0,42,0,1.2,PE,1716673727
400,adler,43.43,39.92,289.24,82,100,4.0,RU,1716673738
401,kill devil hills,36.0307,-75.676,296.16,90,100,3.09,US,1716673748
402,east london,-33.0153,27.9116,291.24,85,85,2.36,ZA,1716673758
403,al ghayzah,16.2079,52.176,301.72,83,66,3.26,YE,1716673768
404,mankono,8.0586,-6.1897,299.38,70,100,0.71,CI,1716673778
405,san borja,-14.8167,-66.85,289.7,70,99,3.03,BO,1716673789
406,itaporanga,-7.3044,-38.1503,302.46,48,98,4.62,BR,1716673708
407,lucea,18.451,-78.1736,304.18,71,20,3.34,JM,1716673810
408,karaman,37.0833,33.25,285.63,67,8,0.59,TR,1716673820
409,ishigaki,24.3448,124.1572,300.22,100,75,1.54,JP,1716673830
410,pobugskoye,48.1658,30.5927,285.6,56,0,3.71,UA,1716673840
411,nantucket,41.2835,-70.0995,292.23,67,0,4.12,US,1716673686
412,shetpe,44.1667,52.1167,285.68,30,3,7.93,KZ,1716673861
413,siavonga,-16.5382,28.7088,292.53,60,5,1.86,ZM,1716673871
414,inhambane,-23.865,35.3833,293.51,81,39,2.78,MZ,1716673881
415,nema,57.5067,50.5011,285.64,90,100,3.7,RU,1716673891
416,chabahar,25.2919,60.643,304.3,61,0,2.67,IR,1716673901
417,sunne,59.8376,13.143,293.33,63,11,1.45,SE,1716673912
418,noshiro,40.2039,140.0242,285.09,73,70,1.56,JP,1716673922
419,rosario del tala,-32.3029,-59.1455,279.33,76,40,2.88,AR,1716673932
420,bam,29.106,58.357,302.98,18,0,2.46,IR,1716673942
421,cajabamba,-7.6167,-78.05,292.79,58,49,1.17,PE,1716673952
422,bilajer,40.5681,50.0378,290.05,82,0,3.09,AZ,1716673963
423,newman,37.3138,-121.0208,299.39,41,0,1.34,US,1716673973
424,taoudenni,22.6783,-3.9836,308.29,10,4,3.82,ML,1716673983
425,ndele,8.4109,20.6473,296.84,85,89,2.73,CF,1716673993
426,fortuna,40.5982,-124.1573,289.78,62,100,6.69,US,1716674004
427,quimili,-27.6333,-62.4167,285.36,46,100,2.88,AR,1716674014
428,huilong,31.8111,121.655,294.81,94,84,5.57,CN,1716674029
429,san fernando de apure,7.8878,-67.4724,303.16,66,98,0.8,VE,1716674040
430,nawalgarh,27.85,75.2667,305.63,19,0,1.34,IN,1716674050
431,isangel,-19.55,169.2667,296.43,59,83,4.68,VU,1716673969
432,kununurra,-15.7667,128.7333,292.14,88,0,2.06,AU,1716674070
433,nago,26.5881,127.9761,299.39,94,100,2.49,JP,1716674080
434,narvik,68.4384,17.4272,280.82,65,38,1.76,NO,1716674014
435,filadelfia,39.9523,-75.1638,304.42,46,75,3.6,US,1716673864
436,vorgashor,67.5833,63.95,270.82,96,99,6.75,RU,1716674111
437,pastavy,55.1168,26.8326,287.75,88,88,2.32,BY,1716674121
438,ingeniero guillermo n. juarez,-23.9,-61.85,286.31,51,98,3.11,AR,1716674131
439,akjoujt,19.6969,-14.4164,304.65,14,78,5.21,MR,1716674142
440,safotu,-13.4513,-172.4018,302.03,78,68,4.12,WS,1716674152
441,vilhena,-12.7406,-60.1458,295.27,83,100,2.57,BR,1716674046
442,minas de marcona,-15.2119,-75.1103,287.56,77,4,7.62,PE,1716674172
443,quellon,-43.1167,-73.6167,279.56,70,100,1.25,CL,1716674182
444,kavaratti,10.5669,72.642,302.71,83,100,7.61,IN,1716674193
445,tempio pausania,40.8974,9.1035,286.66,88,11,1.33,IT,1716674203
446,leava,-14.3,-178.1667,301.78,80,71,7.03,WF,1716674213
447,chandbali,20.7833,86.7667,302.65,78,100,5.82,IN,1716674223
448,fortaleza,-3.7227,-38.5247,302.71,74,75,4.63,BR,1716673725
449,olavarria,-36.8927,-60.3225,278.17,64,45,1.94,AR,1716674244
450,hampton bays,40.869,-72.5176,296.14,67,0,3.09,US,1716674025
451,patacamaya,-17.2333,-67.9167,284.37,22,0,4.47,BO,1716674265
452,gizo,-8.103,156.8419,301.58,79,52,3.2,SB,1716674275
453,kandahar,31.0,65.75,301.59,18,0,3.72,AF,1716674285
454,luanda,-8.8368,13.2343,299.15,89,75,2.57,AO,1716674195
455,kingston,17.997,-76.7936,303.68,74,20,7.72,JM,1716673665
456,owen sound,44.5672,-80.9435,292.57,83,99,0.89,CA,1716674316
457,karratha,-20.7377,116.8463,294.41,29,0,5.31,AU,1716674326
458,vylkove,45.4021,29.586,287.94,78,7,4.0,UA,1716674337
459,cotacachi,0.3,-78.2667,294.9,84,90,1.33,EC,1716674348
460,ixtapa,20.7,-105.2,307.79,34,9,4.03,MX,1716674358
461,paradip garh,20.3167,86.6167,302.65,76,100,4.91,IN,1716674368
462,byarozawka,53.7214,25.4993,286.89,94,95,2.4,BY,1716674378
463,salalah,17.0151,54.0924,301.42,82,1,2.59,OM,1716674393
464,ascension,30.2169,-90.9001,307.64,60,40,3.6,US,1716674403
465,toliara,-23.35,43.6667,293.03,82,0,1.94,MG,1716674415
466,manoc-manoc,11.9416,121.9428,301.38,82,100,6.77,PH,1716674425
467,plano,33.0198,-96.6989,305.79,70,75,5.66,US,1716674345
468,ugoofaaru,5.6667,73.0,302.09,80,100,7.82,MV,1716674447
469,ambon,-3.6954,128.1814,300.86,15,75,4.12,ID,1716674457
470,salida,37.7058,-121.0849,298.27,49,0,6.3,US,1716674401
471,fastovetskaya,45.9189,40.1589,287.4,45,100,8.81,RU,1716674478
472,nouadhibou,20.931,-17.0347,294.14,68,100,7.72,MR,1716674489
473,queenstown,-31.8976,26.8753,284.47,61,38,1.84,ZA,1716674499
474,puerto ayacucho,5.6639,-67.6236,300.66,86,98,1.8,VE,1716674239
475,ola,59.5833,151.2833,284.9,53,93,9.18,RU,1716674519
476,axim,4.8699,-2.2405,298.97,87,100,2.53,GH,1716674530
477,nuuk,64.1835,-51.7216,274.75,80,40,5.81,GL,1716674542
478,pecanha,-18.5486,-42.5569,292.5,80,100,1.79,BR,1716674300
479,wasagu,11.3764,5.7954,297.53,76,100,1.68,NG,1716674563
480,saint-paul,-21.0096,55.2707,295.2,78,5,0.6,RE,1716674573
481,avarua,-21.2078,-159.775,299.18,94,100,1.54,CK,1716674583
482,satun,6.8333,100.0,298.15,90,100,0.81,TH,1716674594
483,orizona,-17.0314,-48.2958,297.28,50,45,1.47,BR,1716674604
484,tahara,34.6667,137.2667,294.23,50,75,6.15,JP,1716674614
485,old town,50.087,14.4202,288.65,92,0,2.06,CZ,1716674625
486,daru,-9.0763,143.2092,299.04,92,100,7.59,PG,1716674635
487,itaituba,-4.2761,-55.9836,304.24,74,20,1.03,BR,1716674645
488,santiago de cao,-7.9589,-79.2392,291.22,88,75,4.63,PE,1716674627
489,amungan,15.3652,119.9582,301.55,72,100,1.35,PH,1716674665
490,cabo san lucas,22.8909,-109.9124,308.49,43,11,5.06,MX,1716674416
491,el calafate,-50.3408,-72.2768,272.77,58,6,0.65,AR,1716674540
492,al lagowa,11.4,29.1333,304.61,38,13,2.09,SD,1716674697
493,peterhead,57.5058,-1.7981,285.37,89,55,3.98,GB,1716674707
494,bairnsdale,-37.8333,147.6167,280.26,72,10,1.84,AU,1716674718
495,saudarkrokur,65.7461,-19.6394,284.46,68,94,7.11,IS,1716674486
496,mohale's hoek,-30.1514,27.4769,284.18,47,41,2.27,LS,1716674738
497,port-cartier,50.0334,-66.8654,283.01,81,98,3.62,CA,1716674449
498,coquimbo,-29.9533,-71.3436,286.0,76,100,2.57,CL,1716674756
499,kandi,11.1342,2.9386,304.03,53,74,3.2,BJ,1716674768
500,tumayr,25.7039,45.868,305.68,14,54,5.53,SA,1716674779
501,puerto santa,-8.9906,-78.6456,292.56,82,57,5.09,PE,1716674789
502,kailua-kona,19.6406,-155.9956,300.13,86,40,4.63,US,1716674799
503,fisterra,42.9049,-9.2629,286.9,89,97,1.81,ES,1716674757
504,lamarque,-39.423,-65.7021,280.51,48,78,3.85,AR,1716674819
505,vadso,70.0744,29.7487,277.64,81,75,4.12,NO,1716674829
506,santander de quilichao,3.0095,-76.4849,296.73,83,88,0.76,CO,1716674636
507,nanning,22.8167,108.3167,298.4,92,99,4.04,CN,1716674656
508,sanctuary point,-35.1114,150.629,284.81,82,11,1.96,AU,1716674863
509,atlantic,39.4668,-74.6663,302.23,69,0,4.12,US,1716674877
510,haapsalu,58.9431,23.5414,289.25,75,71,3.29,EE,1716674887
511,tazacorte,28.629,-17.9293,292.69,90,0,4.63,ES,1716674902
512,filey,54.21,-0.2892,285.81,93,100,1.34,GB,1716674912
513,lubny,50.0163,32.9969,284.56,71,0,3.49,UA,1716674922
514,kamyzyak,46.11,48.0736,285.36,63,0,7.0,RU,1716674848
515,trashi yangtse,27.6116,91.498,290.68,83,57,2.3,BT,1716674942
516,galliano,29.4422,-90.2992,304.82,66,40,4.12,US,1716674952
517,vishnyeva,54.7122,26.5225,286.64,92,98,2.1,BY,1716674967
518,anshun,26.25,105.9333,292.1,97,100,3.62,CN,1716674977
519,kyelang,32.5833,77.0333,273.6,77,5,3.32,IN,1716674987
520,tregunc,47.85,-3.85,288.07,88,94,6.74,FR,1716674997
521,zholymbet,51.7433,71.7122,278.31,94,100,7.58,KZ,1716675007
522,panama city beach,30.1766,-85.8055,303.74,73,0,3.13,US,1716674800
523,garissa,-0.4536,39.6401,297.89,78,6,7.77,KE,1716675028
524,ribeira brava,32.65,-17.0667,294.26,83,42,1.15,PT,1716675039
525,hilo,19.7297,-155.09,299.23,84,100,2.68,US,1716675019
526,paidha,2.4167,30.9855,290.9,80,26,2.15,UG,1716675059
527,goulburn,-34.75,149.7167,280.81,88,6,1.22,AU,1716675069
528,posadas,-27.3671,-55.8961,280.04,85,38,2.07,AR,1716675048
529,launceston,-41.45,147.1667,275.46,100,13,2.57,AU,1716675090
530,punta cana,18.5818,-68.4043,302.02,79,40,3.09,DO,1716674942
531,roxas,11.5853,122.7511,298.23,92,100,3.64,PH,1716675110
532,chhabra,24.6667,76.8333,309.72,19,80,2.84,IN,1716675120
533,hammerfest,70.6634,23.6821,278.4,81,100,5.66,NO,1716675131
534,mpophomeni,-29.5682,30.1862,283.79,90,25,2.02,ZA,1716675145
535,howrah,22.5892,88.3103,301.15,83,40,4.63,IN,1716675156
536,broken hill,-31.95,141.4333,283.49,54,0,1.79,AU,1716675166
537,saint-louis,16.3333,-15.0,309.03,12,7,5.23,SN,1716675176
538,xilin hot,43.9667,116.0333,280.12,77,100,7.87,CN,1716675186
539,puerto lempira,15.2667,-83.7667,304.23,66,20,6.17,HN,1716675196
540,tarrafal,15.2833,-23.7667,297.59,80,100,6.15,CV,1716675207
541,intendente alvear,-35.2338,-63.592,279.04,52,100,3.13,AR,1716675217
542,cill airne,52.05,-9.5167,284.05,91,95,1.22,IE,1716675227
543,kushiro,42.975,144.3747,285.68,66,34,2.06,JP,1716675237
544,nizhnesortymskiy,62.4397,71.7603,273.7,87,98,4.27,RU,1716675247
545,dudinka,69.4058,86.1778,271.3,76,100,8.05,RU,1716675258
546,koulamoutou,-1.1303,12.4736,295.47,96,67,0.49,GA,1716675268
547,usevia,-7.1,31.2333,293.81,62,45,1.9,TZ,1716675278
548,kaele,10.1092,14.4508,303.52,48,74,1.94,CM,1716675288
549,nuku'alofa,-21.1333,-175.2,299.34,69,75,3.6,TO,1716675298
550,fort st. john,56.2499,-120.8529,290.95,44,51,1.89,CA,1716675093
551,grants,35.1473,-107.8514,296.28,9,0,10.29,US,1716675319
552,kyshtovka,56.555,76.6271,275.56,76,5,2.68,RU,1716675330
553,tres lagoas,-20.7511,-51.6783,293.46,53,34,4.42,BR,1716675215
554,koz'modem'yansk,56.3367,46.5711,285.57,81,10,3.58,RU,1716675350
555,noosa heads,-26.3833,153.15,291.54,81,13,4.75,AU,1716675361
556,buedu,8.2803,-10.3719,296.17,98,91,0.91,SL,1716675371
557,tual,-5.6667,132.75,300.85,87,86,9.03,ID,1716675381
558,mawu,29.5923,107.3139,294.15,97,100,1.05,CN,1716675391
559,lerwick,60.1545,-1.1494,284.15,89,66,3.0,GB,1716675401
560,pitimbu,-7.4706,-34.8086,299.48,78,10,5.42,BR,1716675412
561,kampene,-3.6,26.6667,295.49,66,5,0.48,CD,1716675423
562,creston,41.0586,-94.3614,297.13,35,0,7.72,US,1716675434
563,tocopilla,-22.092,-70.1979,291.7,76,26,4.85,CL,1716675446
564,al kharijah,25.4514,30.5464,299.16,18,0,3.64,EG,1716675457
565,heinola,61.2056,26.0381,289.82,82,100,2.57,FI,1716675468
566,las tablas,7.7667,-80.2833,303.8,99,100,2.57,PA,1716675478
567,pavlovsk,50.4578,40.1081,284.23,60,26,1.84,RU,1716675488
568,boguchany,58.3814,97.4531,280.85,78,91,4.47,RU,1716675499
569,kruisfontein,-34.0033,24.7314,287.53,82,1,3.62,ZA,1716675509
570,aitape,-3.1374,142.3475,300.04,87,100,2.12,PG,1716675520
571,vernon,50.2581,-119.2691,292.76,47,99,2.06,CA,1716675530
572,city of balikpapan,-1.242,116.8942,300.12,100,40,2.57,ID,1716675540
573,vila franca do campo,37.7167,-25.4333,291.42,99,81,1.17,PT,1716675550
574,kenai,60.5544,-151.2583,286.2,50,40,4.12,US,1716675561
575,formosa do rio preto,-11.0483,-45.1931,297.58,37,80,1.58,BR,1716675571
576,papao,-17.75,-149.55,301.97,85,26,8.06,PF,1716675581
577,saldanha,-33.0117,17.9442,286.18,91,0,6.25,ZA,1716675591
578,amalapuram,16.5833,82.0167,299.74,89,100,1.41,IN,1716675602
579,abalak,58.1286,68.5944,282.79,33,100,3.82,RU,1716675612
580,soio,-6.1349,12.3689,298.65,90,47,2.43,AO,1716675623
581,tutoia,-2.7619,-42.2744,299.53,89,65,3.36,BR,1716675637
582,la mira,18.035,-102.3266,304.0,44,2,5.44,MX,1716675647
583,syumsi,57.1111,51.6149,286.1,86,95,2.6,RU,1716675658
584,yushu,44.8,126.5333,284.19,93,100,5.9,CN,1716675668
585,takaungu,-3.6837,39.8566,299.14,79,4,8.02,KE,1716675680
586,dapa,9.7594,126.0531,301.74,80,99,6.45,PH,1716675694
587,vikhorevka,56.1201,101.1636,286.92,75,100,1.14,RU,1716675705
588,shemordan,56.1856,50.3972,285.71,88,43,4.19,RU,1716675715
589,howard springs,-12.497,131.047,297.1,89,49,2.18,AU,1716675726
590,morant bay,17.8815,-76.4093,302.94,74,34,4.71,JM,1716675736
591,concepcion del oro,24.6333,-101.4167,303.52,14,47,5.3,MX,1716675747
